{"cameraMode":{"drawMode":0,"name":"Shaded","section":"Shading Mode"},"sceneLighting":true,"audioPlay":false,"sceneViewState":{"m_AlwaysRefresh":false,"showFog":true,"showSkybox":true,"showFlares":true,"showImageEffects":true,"showParticleSystems":true,"showVisualEffectGraphs":true,"m_FxEnabled":true},"in2DMode":false,"pivot":{"x":-2.3532514572143556,"y":-0.2131369709968567,"z":6.267043590545654},"rotation":{"x":-0.057219404727220538,"y":0.04550674930214882,"z":-0.0026071560569107534,"w":-0.9973278045654297},"size":3.4574410915374758,"orthographic":false}